Time_ID,Date,Shift,Year,Month,Day
1,2018-10-19,AM,2018,10,19
2,2018-10-10,AM,2018,10,10
3,2018-10-07,PM,2018,10,7
4,2018-10-12,PM,2018,10,12
5,2018-10-20,AM,2018,10,20
6,2018-10-18,PM,2018,10,18
7,2018-10-13,AM,2018,10,13
8,2018-10-14,AM,2018,10,14
9,2018-10-10,PM,2018,10,10
10,2018-10-07,AM,2018,10,7
11,2018-10-20,PM,2018,10,20
12,2018-10-19,PM,2018,10,19
13,2018-10-12,AM,2018,10,12
14,2018-10-14,PM,2018,10,14
15,2018-10-13,PM,2018,10,13
16,2018-10-18,AM,2018,10,18
17,2018-10-17,PM,2018,10,17
18,2018-10-06,AM,2018,10,6
19,2018-10-08,PM,2018,10,8
20,2018-10-17,AM,2018,10,17
21,2018-10-08,AM,2018,10,8
22,2018-10-06,PM,2018,10,6
